Hey Mark! Long time no see!
insert into maintain (id,name,description,status,complete,createdAt) 
values(
    1,
    '1',
    'Tempore laudantium facilis temporibus corporis quasi. Doloremque suscipit at eligendi in asperiores quia consequatur. Tempore ducimus ut nihil reprehenderit.',
    'active',
    'false',
    '2019-01-17'
)
insert into maintain (id,name,description,status,complete,createdAt) 
values(
    2,
    '1',
    'Possimus aspernatur rerum aut. Recusandae quisquam dolorem et. Maiores quidem alias fugit quae.',
    'active',
    'false',
    '2019-01-17'
)
insert into maintain (id,name,description,status,complete,createdAt) 
values(
    3,
    '1',
    'Minima quod hic sunt rerum voluptatum est iste. Amet voluptas quibusdam illo quia ut iusto. Asperiores explicabo dolorem et quaerat velit velit. Nobis assumenda architecto nesciunt. Accusamus optio reiciendis molestiae soluta quaerat commodi tenetur cupiditate.',
    'active',
    'false',
    '2019-01-17'
)
insert into maintain (id,name,description,status,complete,createdAt) 
values(
    4,
    '2',
    'Quisquam necessitatibus sit architecto et laborum dolores. Commodi sunt quidem mollitia soluta qui vel sit architecto. Corrupti saepe quaerat quam aut qui et. Laudantium assumenda quas omnis id provident. Dignissimos voluptates ratione nemo aut rerum quo optio. Aut doloremque expedita et voluptatibus consequuntur dolore.',
    'active',
    'false',
    '2019-01-17'
)
insert into maintain (id,name,description,status,complete,createdAt) 
values(
    5,
    '1',
    'Aut cupiditate nihil nulla consequatur. Velit vero suscipit qui eum similique dolorum quia modi. Eaque repellendus dolore accusantium dolorum et cupiditate doloremque dolor.',
    'active',
    'false',
    '2019-01-17'
)
insert into maintain (id,name,description,status,complete,createdAt) 
values(
    6,
    '1',
    'Commodi mollitia aut consequatur laudantium earum odit tempora. Id tempora veniam quo sit rerum totam molestiae veritatis. Praesentium nemo sed est ut in voluptate voluptate. Quae ut itaque incidunt reiciendis.',
    'active',
    'false',
    '2019-01-17'
)
insert into maintain (id,name,description,status,complete,createdAt) 
values(
    7,
    '',
    'Nesciunt dicta quae nemo odio reiciendis excepturi. Soluta rem at provident eos mollitia. Eius corrupti soluta placeat molestias. Rem exercitationem dolorem sunt est rem molestiae culpa laborum.',
    'active',
    'false',
    '2019-01-17'
)
insert into maintain (id,name,description,status,complete,createdAt) 
values(
    8,
    '1',
    'Quia ratione vero incidunt deserunt enim rem incidunt illum. Incidunt voluptate odit vero. Officia incidunt laboriosam et cum veniam beatae. Eos rerum cupiditate nesciunt porro nemo aspernatur quas dolorum.',
    'active',
    'false',
    '2019-01-17'
)
insert into maintain (id,name,description,status,complete,createdAt) 
values(
    9,
    '2',
    'Aut et rerum aut. Qui et facilis porro similique ullam. Est in illo iste officia non aliquid sunt assumenda. Unde minus harum alias temporibus.',
    'active',
    'false',
    '2019-01-17'
)
insert into maintain (id,name,description,status,complete,createdAt) 
values(
    10,
    '',
    'Suscipit labore neque eaque aperiam. Et mollitia voluptas harum ad et quibusdam. Excepturi commodi minus nihil in numquam aut laboriosam sapiente. Ut reiciendis recusandae ut rem voluptatem. Non ex eligendi sapiente. Autem in ullam ipsam voluptas exercitationem.',
    'active',
    'false',
    '2019-01-17'
)
insert into maintain (id,name,description,status,complete,createdAt) 
values(
    11,
    '1',
    'Expedita nulla velit cum soluta eveniet. Quasi nostrum odio laboriosam harum sed fuga ut. Voluptatem cumque nostrum et incidunt sit iure optio.',
    'active',
    'false',
    '2019-01-17'
)
insert into maintain (id,name,description,status,complete,createdAt) 
values(
    12,
    '',
    'Ipsam reiciendis rerum quos nemo inventore ad. In officiis ea aut nihil. Doloremque beatae perferendis at rerum cupiditate nihil repellendus. Consequatur nam voluptatem non.',
    'active',
    'false',
    '2019-01-17'
)
insert into maintain (id,name,description,status,complete,createdAt) 
values(
    13,
    '',
    'Esse quo quae officia quas et et dolor. Sunt rerum aspernatur ut aut ut fugiat exercitationem et. Tenetur qui voluptatem ipsam repellat reiciendis omnis impedit ad. Provident corporis consequatur consequuntur nulla debitis accusamus aut rerum. Cumque nisi et reiciendis unde omnis.',
    'active',
    'false',
    '2019-01-17'
)
insert into maintain (id,name,description,status,complete,createdAt) 
values(
    14,
    '',
    'Et fugiat minima non et consequatur. Impedit explicabo quo voluptatem accusantium qui aut perferendis. Eveniet expedita dolorum ex maiores iusto quis.',
    'active',
    'false',
    '2019-01-17'
)
insert into maintain (id,name,description,status,complete,createdAt) 
values(
    15,
    '',
    'In necessitatibus natus ut et vitae quam dignissimos tempore. Fugiat et velit molestias repudiandae sit vitae. Placeat ipsum voluptate in cum.',
    'active',
    'false',
    '2019-01-17'
)
insert into maintain (id,name,description,status,complete,createdAt) 
values(
    16,
    '',
    'Nihil velit culpa culpa enim. Aspernatur enim rerum id qui. Ut dicta reiciendis aspernatur dolore numquam ea blanditiis tenetur. Eum aut nam consequuntur iure numquam quae. Repellendus minima sed officiis vero id est. Quo delectus iusto eveniet blanditiis doloremque non.',
    'active',
    'false',
    '2019-01-17'
)
insert into maintain (id,name,description,status,complete,createdAt) 
values(
    17,
    '',
    'Vero sapiente consequatur totam distinctio molestiae. Illum iure architecto illo quo. Suscipit voluptas et corporis sed eos.',
    'active',
    'false',
    '2019-01-17'
)
insert into maintain (id,name,description,status,complete,createdAt) 
values(
    18,
    '',
    'Omnis officia nulla velit sint illum blanditiis soluta quidem. Dolores veritatis ducimus accusamus quas velit. Et facere nobis in maiores asperiores. Voluptate tenetur sequi molestiae odio. Molestias dicta voluptatem illo aut. Quis aspernatur tempora saepe.',
    'active',
    'false',
    '2019-01-17'
)
insert into maintain (id,name,description,status,complete,createdAt) 
values(
    19,
    '',
    'Earum delectus perferendis ducimus dolor enim. Cupiditate architecto sunt quia. Enim tempore tempore dicta. Perferendis et sint assumenda expedita.',
    'active',
    'false',
    '2019-01-17'
)
insert into maintain (id,name,description,status,complete,createdAt) 
values(
    20,
    '1',
    'Nulla autem aliquam odit labore aut molestias est. Ab molestias velit quo est. Officia qui aspernatur consequatur sed et et. Et cumque necessitatibus eos tenetur alias ut.',
    'active',
    'false',
    '2019-01-17'
)
insert into maintain (id,name,description,status,complete,createdAt) 
values(
    21,
    '',
    'Voluptas culpa quod voluptatem necessitatibus sed expedita tempora exercitationem. Qui nihil repudiandae hic. Cupiditate mollitia velit repellendus odit. Ipsam exercitationem quia illo porro.',
    'active',
    'false',
    '2019-01-17'
)
insert into maintain (id,name,description,status,complete,createdAt) 
values(
    22,
    '1',
    'Voluptate omnis est est. Laborum quisquam enim architecto tenetur id aut. Dolore impedit dolores dolores rem. Exercitationem commodi totam officia pariatur. Et quis quod aliquid.',
    'active',
    'false',
    '2019-01-17'
)
insert into maintain (id,name,description,status,complete,createdAt) 
values(
    23,
    '',
    'Quis ut consequatur et pariatur deleniti velit autem. Itaque qui ut et. Omnis corporis tempora tenetur amet sit. Aut et animi voluptatem aspernatur. Mollitia ut nulla tenetur velit. Eligendi sed ut iusto qui consequuntur fuga.',
    'active',
    'false',
    '2019-01-17'
)
insert into todo (id,name,maintainID,description,status,complete,createdAt) 
values(
    0,
    '',
    4,
    'Amet distinctio ab et quia est. Omnis similique beatae aut fuga. Magni amet illum sunt impedit. Id soluta quam rerum molestiae necessitatibus iusto. Ut laudantium iste ipsa. Sunt dolor vel et tempore reprehenderit veniam magnam.',
    'active',
    'false',
    '2019-01-17'
)
insert into todo (id,name,maintainID,description,status,complete,createdAt) 
values(
    1,
    'iusto sunt',
    10,
    'In cumque harum adipisci eius praesentium suscipit. Nihil non voluptas provident. Voluptatem ut reiciendis sapiente commodi et sunt et eaque. Incidunt asperiores omnis sed et corrupti. Libero ipsum corrupti quisquam mollitia. Officiis ut blanditiis consequatur rerum reiciendis reprehenderit doloremque.',
    'active',
    'false',
    '2019-01-17'
)
insert into todo (id,name,maintainID,description,status,complete,createdAt) 
values(
    2,
    'eum molestiae',
    17,
    'Dicta ipsa hic unde mollitia temporibus est quis. Ipsam sed dolores illo velit quaerat. Incidunt rem asperiores nulla laborum beatae doloribus quas tempore. Doloribus unde aut eum voluptas ea.',
    'active',
    'false',
    '2019-01-17'
)
insert into todo (id,name,maintainID,description,status,complete,createdAt) 
values(
    3,
    '',
    8,
    'Accusamus officiis at rerum qui explicabo. Quia quia et a qui iusto est. Autem neque fuga molestiae minima expedita. Vel nostrum enim libero nobis consequatur sed. Dolor rerum ab quasi. Dolorem quidem quam quia eaque.',
    'active',
    'false',
    '2019-01-17'
)
insert into todo (id,name,maintainID,description,status,complete,createdAt) 
values(
    4,
    'debitis',
    3,
    'Non consequatur incidunt ut deleniti eaque enim et soluta. Minima amet ut dolor. Sit autem sit provident omnis aut pariatur. Rerum nesciunt veritatis corrupti cupiditate modi qui. Inventore rem consequatur est aut.',
    'active',
    'false',
    '2019-01-17'
)
insert into todo (id,name,maintainID,description,status,complete,createdAt) 
values(
    5,
    'quaerat',
    10,
    'Excepturi voluptas similique nemo atque minus vel veniam ratione. Ea cum et iusto distinctio sequi corporis voluptas molestiae. Rerum et numquam perferendis. Explicabo rem voluptas quisquam mollitia eaque odio doloribus. Et sunt harum neque eveniet sed vero.',
    'active',
    'false',
    '2019-01-17'
)
insert into todo (id,name,maintainID,description,status,complete,createdAt) 
values(
    6,
    'nostrum repellat',
    22,
    'Quis non dolorem dolorem molestiae. Error alias est non eum sed consequatur veritatis. Non aut illo saepe mollitia.',
    'active',
    'false',
    '2019-01-17'
)
insert into todo (id,name,maintainID,description,status,complete,createdAt) 
values(
    7,
    '',
    13,
    'Delectus incidunt error laudantium ut alias est. Saepe laborum accusantium et aut tenetur dolorem a. Ullam sit atque deleniti et deserunt quisquam sit maiores. Omnis consectetur consequatur eos. Laboriosam ducimus itaque rerum aut. Nisi consequatur doloribus ipsa officiis ea aut odio sapiente.',
    'active',
    'false',
    '2019-01-17'
)
insert into todo (id,name,maintainID,description,status,complete,createdAt) 
values(
    8,
    'ut explicabo',
    6,
    'Consequuntur unde ut voluptates dolor. Perspiciatis perferendis libero et enim. Aliquid rerum autem et et. Optio dolor vero et minus. Iusto cupiditate molestiae animi tempora et voluptatibus.',
    'active',
    'false',
    '2019-01-17'
)
insert into todo (id,name,maintainID,description,status,complete,createdAt) 
values(
    9,
    '',
    4,
    'Quis voluptatem debitis aut porro tempore voluptatem odit ratione. Nemo ut rerum quae sunt deserunt. In exercitationem distinctio non. Fuga eius aut laboriosam nulla aut et ut.',
    'active',
    'false',
    '2019-01-17'
)
insert into todo (id,name,maintainID,description,status,complete,createdAt) 
values(
    10,
    'perspiciatis odio',
    10,
    'Veritatis id veniam sed ut voluptate est enim facere. Incidunt molestiae placeat similique nesciunt quia facere. Ab id nihil voluptatibus similique aut cumque asperiores deleniti.',
    'active',
    'false',
    '2019-01-17'
)
insert into todo (id,name,maintainID,description,status,complete,createdAt) 
values(
    11,
    '',
    1,
    'Doloribus ut nobis iure ut. Vel dolor minima soluta consequatur consequatur ut et deleniti. Quia non corporis impedit voluptatibus eos. Earum ipsam ut soluta atque non. Excepturi fugit dolorem omnis voluptatem autem.',
    'active',
    'false',
    '2019-01-17'
)
insert into todo (id,name,maintainID,description,status,complete,createdAt) 
values(
    12,
    'voluptas',
    13,
    'Fuga aperiam pariatur corporis. Sunt voluptate at exercitationem aut eum veniam repudiandae ex. Et dolor nihil temporibus facere libero sequi aspernatur. Dolorum atque maiores pariatur nihil.',
    'active',
    'false',
    '2019-01-17'
)
insert into todo (id,name,maintainID,description,status,complete,createdAt) 
values(
    13,
    'optio sunt',
    5,
    'Sint id sed tempore sed non. Rem praesentium quas repellendus architecto saepe hic autem. Fugiat et quod quo velit beatae soluta non dolore.',
    'active',
    'false',
    '2019-01-17'
)
insert into todo (id,name,maintainID,description,status,complete,createdAt) 
values(
    14,
    'quis',
    0,
    'Voluptatem voluptatem ad cumque aut at. Sed qui temporibus perspiciatis aut voluptatem omnis nostrum. Rem aliquid deserunt asperiores voluptates inventore. Porro officiis non ad officiis natus eveniet. Rerum omnis porro velit voluptates quis quia et consectetur.',
    'active',
    'false',
    '2019-01-17'
)
insert into todo (id,name,maintainID,description,status,complete,createdAt) 
values(
    15,
    'laborum et',
    21,
    'Laudantium doloremque blanditiis voluptates tempore maxime. Nemo quo id eveniet illo minus ut et occaecati. Doloremque quia et totam molestiae similique assumenda rerum qui. Aut odio ducimus omnis omnis excepturi veritatis et.',
    'active',
    'false',
    '2019-01-17'
)
insert into todo (id,name,maintainID,description,status,complete,createdAt) 
values(
    16,
    'nobis quae',
    19,
    'Ut ea non incidunt sunt. Alias provident et vel. Quos inventore laborum consectetur dolorem voluptate sint debitis. Sit facilis qui voluptate minus molestiae. Doloremque quia corrupti omnis.',
    'active',
    'false',
    '2019-01-17'
)
insert into todo (id,name,maintainID,description,status,complete,createdAt) 
values(
    17,
    'culpa',
    18,
    'Sit velit nulla dolores totam et est a natus. Dolor vero tempora neque dignissimos sapiente et sit neque. Quam iure totam ut et. Illo autem molestiae esse et blanditiis autem enim. Qui temporibus nihil quia repudiandae libero aut enim tenetur.',
    'active',
    'false',
    '2019-01-17'
)
insert into todo (id,name,maintainID,description,status,complete,createdAt) 
values(
    18,
    'temporibus eveniet',
    16,
    'Sint beatae quae quaerat vel. Deleniti provident asperiores omnis adipisci minus. Labore vitae non eos. Facere et molestias eum ea dolor dolorem. Rerum qui molestiae numquam.',
    'active',
    'false',
    '2019-01-17'
)
insert into todo (id,name,maintainID,description,status,complete,createdAt) 
values(
    19,
    'autem quibusdam',
    5,
    'Debitis quo minus accusantium atque voluptatem sit. Consequatur et ut fugit ullam magnam quis temporibus exercitationem. Ut ex minus occaecati. Fuga veniam nam unde veniam. Id eligendi dolorum at soluta omnis quidem blanditiis. Dolor dignissimos distinctio sequi inventore est.',
    'active',
    'false',
    '2019-01-17'
)
insert into todo (id,name,maintainID,description,status,complete,createdAt) 
values(
    20,
    '',
    19,
    'Velit laudantium ut quia commodi perferendis. Voluptate nisi saepe excepturi sit unde quaerat perspiciatis consectetur. Consequuntur voluptatem dicta sed est eligendi ut odio dolorum. Sed inventore omnis dolores error rerum ipsa saepe. Qui repellat nihil magni delectus ipsa adipisci culpa vero. Est quia qui et facilis perspiciatis sit quod magnam.',
    'active',
    'false',
    '2019-01-17'
)
insert into todo (id,name,maintainID,description,status,complete,createdAt) 
values(
    21,
    'quos',
    6,
    'Qui voluptas dolorem adipisci incidunt sunt. Et eum sunt nihil nostrum sed aut. Explicabo doloribus officiis consequatur. Vero tempora temporibus iste. Autem consequatur et praesentium sunt animi est.',
    'active',
    'false',
    '2019-01-17'
)
insert into todo (id,name,maintainID,description,status,complete,createdAt) 
values(
    22,
    '',
    8,
    'Omnis in ex ut suscipit dicta qui dolore. Maxime unde soluta illo saepe aliquid beatae sit. Amet eius officiis nihil. Voluptatem minus nihil officiis qui sunt ea. Tempora inventore similique excepturi accusantium suscipit perferendis accusantium et.',
    'active',
    'false',
    '2019-01-17'
)
insert into todo (id,name,maintainID,description,status,complete,createdAt) 
values(
    23,
    'est quibusdam',
    10,
    'Quo dolorum consequatur et voluptatem inventore. Laudantium asperiores ipsa facere beatae saepe quia aut est. Consequatur eos assumenda architecto. Iusto error ut tempora quam nisi et.',
    'active',
    'false',
    '2019-01-17'
)
insert into todo (id,name,maintainID,description,status,complete,createdAt) 
values(
    24,
    '',
    0,
    'Blanditiis accusantium temporibus inventore. Voluptatem reprehenderit facilis enim consequatur. Dolores reiciendis error deserunt iusto eum et iusto.',
    'active',
    'false',
    '2019-01-17'
)
insert into todo (id,name,maintainID,description,status,complete,createdAt) 
values(
    25,
    'rerum',
    14,
    'Sapiente omnis iste possimus nihil inventore facere minima. Eius iure aliquid fugit. Enim praesentium voluptas eveniet labore vel. Qui id odio ut esse odio rerum facilis. Esse ratione hic nostrum necessitatibus numquam sed ea.',
    'active',
    'false',
    '2019-01-17'
)
insert into todo (id,name,maintainID,description,status,complete,createdAt) 
values(
    26,
    'autem explicabo',
    1,
    'Asperiores et earum est. Consequuntur animi numquam et in. Molestiae delectus rerum sed exercitationem omnis. Odio quia est molestiae velit. Soluta natus ea animi.',
    'active',
    'false',
    '2019-01-17'
)
insert into todo (id,name,maintainID,description,status,complete,createdAt) 
values(
    27,
    'provident tempore',
    15,
    'Sequi omnis qui quia quisquam. Ducimus non excepturi non adipisci. Quis totam perferendis facilis quia consequatur corrupti. Accusantium dolorem maxime ullam.',
    'active',
    'false',
    '2019-01-17'
)
insert into todo (id,name,maintainID,description,status,complete,createdAt) 
values(
    28,
    'eos sed',
    9,
    'Ipsum occaecati quos sed voluptatum asperiores sint. Quis adipisci sequi quo sapiente. Voluptates enim voluptate odit numquam.',
    'active',
    'false',
    '2019-01-17'
)
insert into todo (id,name,maintainID,description,status,complete,createdAt) 
values(
    29,
    'velit minus',
    15,
    'Id quos assumenda eos. Ut rerum nulla ullam labore nemo. Nisi voluptas eos voluptatem ipsum fuga ullam placeat quae. Impedit debitis repudiandae cumque minima molestiae ut minima possimus. Numquam qui blanditiis quaerat ab eaque quod sed.',
    'active',
    'false',
    '2019-01-17'
)
insert into todo (id,name,maintainID,description,status,complete,createdAt) 
values(
    30,
    '',
    11,
    'Voluptas velit rerum sit et. Saepe sunt doloribus saepe. In eaque nobis sit et consequuntur qui est voluptate. Asperiores ea placeat culpa deserunt iure earum. Et magnam recusandae dignissimos ducimus aliquam sed soluta.',
    'active',
    'false',
    '2019-01-17'
)
insert into todo (id,name,maintainID,description,status,complete,createdAt) 
values(
    31,
    'quo',
    12,
    'Qui quia corrupti quod eveniet. Qui expedita tempore aut consequuntur consequuntur. Alias excepturi dicta molestiae molestias soluta soluta minima saepe. Corporis nostrum harum qui ratione. Alias repellendus at beatae hic at.',
    'active',
    'false',
    '2019-01-17'
)
insert into todo (id,name,maintainID,description,status,complete,createdAt) 
values(
    32,
    '',
    2,
    'Ullam iusto ipsa suscipit fugiat vero. Eos est maxime aperiam. Et ea numquam eum velit neque quidem. Doloribus iste inventore eos consequatur debitis magni qui ex. Perspiciatis ex totam cumque iste vero impedit voluptates. Dolorem nihil rerum temporibus nam qui sit.',
    'active',
    'false',
    '2019-01-17'
)
insert into todo (id,name,maintainID,description,status,complete,createdAt) 
values(
    33,
    'ex',
    15,
    'Dolorem ex temporibus et voluptatem qui. Laboriosam molestias qui et. Expedita suscipit esse error corporis enim tempore. Dolor ipsum non fugiat impedit quia ratione eveniet. Natus dolorem debitis nihil repudiandae.',
    'active',
    'false',
    '2019-01-17'
)
insert into todo (id,name,maintainID,description,status,complete,createdAt) 
values(
    34,
    '',
    2,
    'Corrupti quod voluptatem voluptatem. Aut itaque iure esse. Nobis iste veniam nisi animi voluptas esse. Odio eum quia aut.',
    'active',
    'false',
    '2019-01-17'
)
insert into todo (id,name,maintainID,description,status,complete,createdAt) 
values(
    35,
    '',
    15,
    'Assumenda illum beatae rerum nihil ullam. Non error animi illum neque nulla fugit. Quis quaerat sunt exercitationem voluptatibus placeat quas.',
    'active',
    'false',
    '2019-01-17'
)
insert into todo (id,name,maintainID,description,status,complete,createdAt) 
values(
    36,
    'facere repellat',
    5,
    'Laudantium velit fugiat voluptatem illum illo. Qui qui odio dignissimos quos dolor sint assumenda. Occaecati quibusdam qui odio adipisci consectetur quidem. Et debitis nisi repudiandae fugit expedita iure vel et. At quia ut laudantium deleniti vero.',
    'active',
    'false',
    '2019-01-17'
)
insert into todo (id,name,maintainID,description,status,complete,createdAt) 
values(
    37,
    'pariatur',
    20,
    'Sed dolor nulla eveniet accusamus voluptates perferendis animi eveniet. Deleniti qui mollitia mollitia. Autem ea excepturi dolor ipsam quia minima.',
    'active',
    'false',
    '2019-01-17'
)
insert into todo (id,name,maintainID,description,status,complete,createdAt) 
values(
    38,
    '',
    14,
    'Adipisci est similique perferendis consequuntur eos. Itaque illum et aliquid eos eos qui. Provident repudiandae excepturi nemo voluptatem aspernatur maiores impedit esse. Tempora quia consequatur consequatur beatae necessitatibus. Labore voluptas ea voluptatibus. Facilis minus numquam soluta dolores debitis nemo est ut.',
    'active',
    'false',
    '2019-01-17'
)
insert into todo (id,name,maintainID,description,status,complete,createdAt) 
values(
    39,
    'voluptatem',
    10,
    'Quidem sint impedit eaque ut a ducimus. Sed aut inventore vero illo et. Quia earum ipsam laboriosam tenetur repellat doloremque aut et. Iusto dicta dolor illum. Et aliquid quas quod dolor hic excepturi. Autem enim qui fugit enim.',
    'active',
    'false',
    '2019-01-17'
)
insert into todo (id,name,maintainID,description,status,complete,createdAt) 
values(
    40,
    'quas',
    12,
    'Consequatur omnis voluptate consequatur maiores qui sit necessitatibus. Amet est molestiae veritatis ut consequatur nesciunt. Aut ea ipsum corrupti facere excepturi fuga. Non qui aliquam quaerat excepturi libero doloremque fugit. Impedit pariatur consequatur sed neque beatae animi. Blanditiis dolore sed est nam nemo.',
    'active',
    'false',
    '2019-01-17'
)
insert into todo (id,name,maintainID,description,status,complete,createdAt) 
values(
    41,
    'nostrum ut',
    8,
    'Maiores vel quos rerum cumque. Labore sed vel libero aliquam animi. Debitis neque distinctio sunt voluptas maxime error quis. Praesentium et quia quo. Recusandae ea culpa velit maxime aut sit quaerat nemo.',
    'active',
    'false',
    '2019-01-17'
)
insert into todo (id,name,maintainID,description,status,complete,createdAt) 
values(
    42,
    'doloremque necessitatibus',
    16,
    'Praesentium necessitatibus praesentium ut voluptates itaque autem laborum. Sunt hic dolorem aut consequuntur et earum. Omnis temporibus excepturi quis veritatis praesentium et. Dolor expedita beatae at dignissimos numquam rerum fugit. Porro fugiat praesentium minima culpa et. Placeat et maxime et ipsum aliquid et ratione dolores.',
    'active',
    'false',
    '2019-01-17'
)
insert into todo (id,name,maintainID,description,status,complete,createdAt) 
values(
    43,
    'perspiciatis',
    2,
    'Accusamus et autem debitis. Consequatur et cum voluptates. Odio saepe consequuntur fugit. Sed et voluptas odit quis esse. Corrupti dicta modi animi asperiores necessitatibus mollitia occaecati.',
    'active',
    'false',
    '2019-01-17'
)
insert into todo (id,name,maintainID,description,status,complete,createdAt) 
values(
    44,
    'sint est',
    20,
    'Aut ut vel impedit possimus. Rerum ratione consequatur non odit saepe. Provident sint rerum at nostrum. Autem quo et vel.',
    'active',
    'false',
    '2019-01-17'
)
insert into todo (id,name,maintainID,description,status,complete,createdAt) 
values(
    45,
    'et iusto',
    9,
    'Facere reprehenderit hic est necessitatibus quam sit repellendus rerum. Modi ipsam quis saepe. Commodi voluptatem quia voluptatem ratione ea rerum occaecati corporis. Nostrum impedit sit asperiores ut at eum tempora amet. Illo minus occaecati fuga ratione expedita dicta cupiditate earum. Et et sed ipsa quaerat dolorum hic exercitationem aut.',
    'active',
    'false',
    '2019-01-17'
)
insert into todo (id,name,maintainID,description,status,complete,createdAt) 
values(
    46,
    'dolor beatae',
    1,
    'Aut est voluptas ut tenetur non autem ea. Tenetur deserunt sunt qui eaque rerum et ea sint. Consequatur voluptatum eligendi quos vel.',
    'active',
    'false',
    '2019-01-17'
)
insert into todo (id,name,maintainID,description,status,complete,createdAt) 
values(
    47,
    '',
    7,
    'Iste sed ut repellat nihil voluptatibus ipsa facilis. Aspernatur aperiam qui molestiae quae est. Voluptatum aliquid animi sunt doloribus recusandae. Quia eveniet doloremque praesentium autem magnam tempora exercitationem aut.',
    'active',
    'false',
    '2019-01-17'
)
insert into todo (id,name,maintainID,description,status,complete,createdAt) 
values(
    48,
    'rerum',
    16,
    'Suscipit sed consequuntur distinctio ratione non. Architecto molestias qui qui numquam veritatis. Dicta et quas eaque. Dolores laboriosam consequuntur doloribus nam at quo.',
    'active',
    'false',
    '2019-01-17'
)
insert into todo (id,name,maintainID,description,status,complete,createdAt) 
values(
    49,
    '',
    5,
    'Sint esse vel est. Alias natus doloremque sunt eum. Sunt possimus voluptatibus eligendi.',
    'active',
    'false',
    '2019-01-17'
)
insert into todo (id,name,maintainID,description,status,complete,createdAt) 
values(
    50,
    '',
    10,
    'Officiis accusamus perferendis consequatur est ut. Quo vitae sunt quibusdam. Repudiandae quia ut id iste sequi. Aperiam explicabo et earum sit qui voluptas minus. Nulla odit ipsa aut. Dolorum sapiente ut ut et dicta ullam voluptatem.',
    'active',
    'false',
    '2019-01-17'
)
insert into todo (id,name,maintainID,description,status,complete,createdAt) 
values(
    51,
    '',
    19,
    'Sint amet nulla voluptas. Tempore eius fugit quidem magni ab illo. Quam facilis unde eum aut eos. Quos alias sit est. Reprehenderit et voluptatibus asperiores ullam similique rerum.',
    'active',
    'false',
    '2019-01-17'
)
insert into todo (id,name,maintainID,description,status,complete,createdAt) 
values(
    52,
    '',
    17,
    'Et eos iste asperiores quia error laudantium qui debitis. Consequatur harum aperiam explicabo et minus est minus. Voluptas rerum distinctio sit voluptate incidunt et laborum. Ipsam molestiae repellat inventore id repudiandae tenetur aliquam nihil. Expedita totam odio fuga cum impedit impedit ut. Sed asperiores id optio consequatur ducimus eos.',
    'active',
    'false',
    '2019-01-17'
)
insert into todo (id,name,maintainID,description,status,complete,createdAt) 
values(
    53,
    'qui est',
    16,
    'Quibusdam iusto facilis sunt ut rem pariatur reprehenderit. Pariatur sed debitis distinctio qui accusamus. Exercitationem perferendis ipsam quidem. Necessitatibus harum magni provident sequi cupiditate non ex a. Beatae enim velit quia exercitationem expedita tempore. Ipsam magnam autem expedita.',
    'active',
    'false',
    '2019-01-17'
)
insert into todo (id,name,maintainID,description,status,complete,createdAt) 
values(
    54,
    'velit',
    18,
    'Omnis deserunt hic eaque aut adipisci cupiditate voluptatum. Neque nostrum tempora maxime distinctio. Asperiores similique blanditiis assumenda voluptatem dolor aliquid quia. Delectus consequatur perspiciatis vitae nihil id. Est voluptatum itaque aut cum non praesentium quo beatae. Facere sit sequi sunt consequuntur ut quas.',
    'active',
    'false',
    '2019-01-17'
)
insert into part (id,name,maintainID,description,price,vendor,status,complete,createdAt) 
values(
    0,
    'iure est',
    1,
    'Non et fugiat laborum distinctio error. Laborum praesentium ea a nesciunt facilis est possimus excepturi. Doloribus adipisci modi ratione. Enim unde ea quia sint dolorum dolores accusantium distinctio. Id et beatae iure officia numquam quibusdam distinctio sit.',
    22.17,
    '',
    'active',
    'false',
    '2019-01-17'
)
insert into part (id,name,maintainID,description,price,vendor,status,complete,createdAt) 
values(
    1,
    'dolor nesciunt',
    14,
    'Voluptatem qui aut amet dignissimos vel pariatur ut incidunt. Nesciunt quis eveniet nesciunt ipsam ad consequatur quia. Vero magni dolores eum. Vitae eum fugit asperiores minus id ipsam.',
    9.35,
    'enim',
    'active',
    'false',
    '2019-01-17'
)
insert into part (id,name,maintainID,description,price,vendor,status,complete,createdAt) 
values(
    2,
    '',
    10,
    'Sit quia aut sed eius officia et. Excepturi unde nobis repellat. A tempora a recusandae. Sed velit et beatae et. Vel omnis neque sapiente eligendi quibusdam.',
    19.22,
    '',
    'active',
    'false',
    '2019-01-17'
)
insert into part (id,name,maintainID,description,price,vendor,status,complete,createdAt) 
values(
    3,
    'et',
    9,
    'Perspiciatis rerum qui aut mollitia delectus qui id ab. Reprehenderit qui sunt fugit. Nemo amet tempora nesciunt minima et. Ipsa mollitia modi est voluptatum molestias aliquam nulla suscipit. Nesciunt accusamus et sit. Inventore at laboriosam et qui unde.',
    23.61,
    'voluptatum',
    'active',
    'false',
    '2019-01-17'
)
insert into part (id,name,maintainID,description,price,vendor,status,complete,createdAt) 
values(
    4,
    'soluta accusamus',
    7,
    'Sit eos et velit autem et provident molestiae. Aut earum optio impedit. Qui mollitia odit mollitia id nihil tenetur fuga. Nostrum ad rem architecto laudantium odio.',
    16.91,
    '',
    'active',
    'false',
    '2019-01-17'
)
insert into part (id,name,maintainID,description,price,vendor,status,complete,createdAt) 
values(
    5,
    'labore tenetur',
    13,
    'Ratione aut aut impedit maxime minus. Nam qui culpa velit vel blanditiis. Reiciendis accusantium in at est exercitationem cupiditate.',
    8.82,
    'fugit',
    'active',
    'false',
    '2019-01-17'
)
insert into part (id,name,maintainID,description,price,vendor,status,complete,createdAt) 
values(
    6,
    'praesentium',
    8,
    'Voluptates qui sed quisquam labore labore error iusto porro. Nobis nihil fugit doloribus. Est a voluptatem porro pariatur. Quibusdam eveniet minus qui fuga totam.',
    23.95,
    '',
    'active',
    'false',
    '2019-01-17'
)
insert into part (id,name,maintainID,description,price,vendor,status,complete,createdAt) 
values(
    7,
    'voluptatem omnis',
    6,
    'Eveniet possimus nam mollitia facere labore. Dolorem accusamus aut voluptas aliquam. Sunt quia voluptatum dolorem quia ut consequuntur odit commodi. Eligendi facilis voluptas dolores optio explicabo. Sed nostrum unde facilis est eos doloribus consequatur. Qui ut est aut cupiditate.',
    1.42,
    'facere',
    'active',
    'false',
    '2019-01-17'
)
insert into part (id,name,maintainID,description,price,vendor,status,complete,createdAt) 
values(
    8,
    'nesciunt ea',
    8,
    'Dolorum eum sequi quaerat. Quibusdam minima voluptatem aut laboriosam nihil molestiae explicabo. Consectetur ea fugiat aspernatur.',
    20.96,
    '',
    'active',
    'false',
    '2019-01-17'
)
insert into part (id,name,maintainID,description,price,vendor,status,complete,createdAt) 
values(
    9,
    '',
    1,
    'Officiis quia voluptas quae soluta laudantium quam. Vel doloremque quod tempora consequuntur molestias. Modi aliquam quisquam voluptas corporis soluta. Earum qui hic magnam illo pariatur quibusdam ut dolorem. Perspiciatis consectetur fuga explicabo culpa aut voluptatem sit similique.',
    0.84,
    'veniam',
    'active',
    'false',
    '2019-01-17'
)
insert into part (id,name,maintainID,description,price,vendor,status,complete,createdAt) 
values(
    10,
    'laboriosam suscipit',
    4,
    'Deleniti provident qui adipisci vitae dolores et deleniti porro. Iste nihil quaerat laborum natus iste omnis. Aut aut veritatis ipsam corrupti laboriosam adipisci. Ut eius neque quod a. Aliquam consequatur reiciendis sed enim atque et. Enim dicta assumenda modi.',
    16.27,
    '',
    'active',
    'false',
    '2019-01-17'
)
insert into part (id,name,maintainID,description,price,vendor,status,complete,createdAt) 
values(
    11,
    '',
    7,
    'Cupiditate autem eum magnam id ullam officiis quod sequi. Illum maiores asperiores libero quas sed sit et. Aut suscipit non impedit sit quas quisquam. Et aut sequi eos mollitia et voluptatibus. Earum ut veniam dolorum at et qui in quia.',
    16.41,
    '',
    'active',
    'false',
    '2019-01-17'
)
insert into part (id,name,maintainID,description,price,vendor,status,complete,createdAt) 
values(
    12,
    '',
    15,
    'Omnis rerum et sit sapiente assumenda praesentium animi. Eum magnam eius molestiae minus et perferendis porro nesciunt. Tempora nemo ipsa cum ratione enim iste. Voluptatem et repellendus qui et.',
    13.82,
    'qui',
    'active',
    'false',
    '2019-01-17'
)
insert into part (id,name,maintainID,description,price,vendor,status,complete,createdAt) 
values(
    13,
    'pariatur minus',
    19,
    'Ipsam sit nam quibusdam nobis ex. Esse molestias voluptas dicta veniam aut eaque sint. Dolor illo laboriosam perferendis debitis rem. Exercitationem reiciendis ut est. Qui iste est laudantium. Totam laudantium omnis ut sequi iure.',
    11.57,
    'facere',
    'active',
    'false',
    '2019-01-17'
)
insert into part (id,name,maintainID,description,price,vendor,status,complete,createdAt) 
values(
    14,
    'laboriosam',
    6,
    'Voluptatibus aut consequatur ut qui ut. Debitis accusantium reprehenderit praesentium hic temporibus. Incidunt sequi deleniti libero nobis molestiae. Totam pariatur quisquam quasi in.',
    16.03,
    '',
    'active',
    'false',
    '2019-01-17'
)
insert into part (id,name,maintainID,description,price,vendor,status,complete,createdAt) 
values(
    15,
    'rerum',
    14,
    'Voluptates cupiditate et molestiae autem. Rerum a et tempora consectetur ipsum architecto et sequi. Dicta sequi occaecati sequi maxime autem error. Harum vel praesentium saepe corrupti ducimus ut commodi.',
    23.83,
    'sed',
    'active',
    'false',
    '2019-01-17'
)
insert into part (id,name,maintainID,description,price,vendor,status,complete,createdAt) 
values(
    16,
    'veniam ut',
    6,
    'Optio consequuntur culpa natus quod. Voluptas quaerat soluta dignissimos. Non similique recusandae eligendi quos ratione alias aut numquam. Nemo quia est consequuntur est eum eos culpa qui. Non ea explicabo omnis eos rem magnam.',
    11.21,
    'aut',
    'active',
    'false',
    '2019-01-17'
)
insert into part (id,name,maintainID,description,price,vendor,status,complete,createdAt) 
values(
    17,
    'ex',
    7,
    'Accusantium ex occaecati aut rem aut modi esse commodi. Veniam distinctio id ut id. Qui aut beatae labore et ex et recusandae dolores. Voluptatum adipisci cum quia reiciendis sunt.',
    12.96,
    'enim',
    'active',
    'false',
    '2019-01-17'
)
insert into part (id,name,maintainID,description,price,vendor,status,complete,createdAt) 
values(
    18,
    'consectetur sit',
    17,
    'Quos voluptates iste eum et mollitia porro. Fuga quibusdam eos ipsa. Vero consequatur qui ratione eius ut aliquid. Minima et amet vel eligendi.',
    8.10,
    'voluptatem',
    'active',
    'false',
    '2019-01-17'
)
insert into part (id,name,maintainID,description,price,vendor,status,complete,createdAt) 
values(
    19,
    '',
    18,
    'Sed ducimus ea illo quidem enim rerum atque eligendi. Vitae cupiditate et temporibus necessitatibus ut. Quidem rerum minima hic assumenda quisquam consequatur dicta tempore. Nesciunt dolor aut in nulla ea dolorem ipsa. Soluta porro consectetur quibusdam distinctio dignissimos animi quia.',
    7.65,
    'magnam',
    'active',
    'false',
    '2019-01-17'
)
insert into part (id,name,maintainID,description,price,vendor,status,complete,createdAt) 
values(
    20,
    'natus',
    22,
    'Accusamus atque nihil ea ipsam rerum. Tenetur hic quia soluta impedit et temporibus. Quidem dolor ut asperiores iure officia officia explicabo facilis. Nihil illum et eum voluptatibus laudantium beatae et architecto. Consequuntur sed tempore sunt.',
    15.94,
    'consequuntur',
    'active',
    'false',
    '2019-01-17'
)
insert into part (id,name,maintainID,description,price,vendor,status,complete,createdAt) 
values(
    21,
    'vel',
    9,
    'Odit et est voluptas veniam animi sequi impedit. Minima ut aut a non. Dolore sed molestiae aut impedit quos iusto ut.',
    3.26,
    'laboriosam',
    'active',
    'false',
    '2019-01-17'
)
insert into part (id,name,maintainID,description,price,vendor,status,complete,createdAt) 
values(
    22,
    'esse',
    22,
    'Enim animi sit eaque id. Quo quod illum repellat cum totam voluptate officia nihil. Magni magnam commodi ratione nemo aliquam quia facere. Optio qui veniam temporibus vero.',
    2.64,
    '',
    'active',
    'false',
    '2019-01-17'
)
insert into part (id,name,maintainID,description,price,vendor,status,complete,createdAt) 
values(
    23,
    '',
    8,
    'Alias facere labore autem et esse omnis voluptatem laboriosam. Placeat sint vitae quia quaerat ea ea. Possimus optio velit amet unde et quam. Aperiam unde repellendus doloribus reiciendis repudiandae qui quia pariatur.',
    21.83,
    '',
    'active',
    'false',
    '2019-01-17'
)
insert into part (id,name,maintainID,description,price,vendor,status,complete,createdAt) 
values(
    24,
    'laboriosam',
    10,
    'Molestiae dignissimos vel tenetur eos expedita. Iusto placeat fugit voluptatibus voluptate libero quisquam. Itaque voluptatem adipisci possimus. Incidunt tempore facere eos. Repellat non sunt eos.',
    21.59,
    'laudantium',
    'active',
    'false',
    '2019-01-17'
)
insert into part (id,name,maintainID,description,price,vendor,status,complete,createdAt) 
values(
    25,
    'totam',
    9,
    'Ut odit recusandae at minus omnis. Vero dolor sunt deserunt voluptatum doloribus. Rerum perspiciatis non dicta. Et et quo autem cupiditate officiis animi. Dolores maxime illo accusamus est ducimus eveniet iusto. Maxime est molestias praesentium expedita at ullam eum.',
    12.72,
    '',
    'active',
    'false',
    '2019-01-17'
)
insert into part (id,name,maintainID,description,price,vendor,status,complete,createdAt) 
values(
    26,
    '',
    8,
    'Accusantium architecto rerum necessitatibus numquam autem voluptatem nam. Pariatur et et facere. Sunt assumenda officia cumque est eveniet autem.',
    17.32,
    '',
    'active',
    'false',
    '2019-01-17'
)
insert into part (id,name,maintainID,description,price,vendor,status,complete,createdAt) 
values(
    27,
    'est',
    17,
    'Eos pariatur rerum natus. Et aut a recusandae qui voluptates assumenda error doloribus. Neque corrupti iste a architecto vel odit.',
    5.42,
    '',
    'active',
    'false',
    '2019-01-17'
)
insert into part (id,name,maintainID,description,price,vendor,status,complete,createdAt) 
values(
    28,
    'ut',
    15,
    'Cupiditate sunt et quia sapiente eaque adipisci nemo ullam. Cum non voluptates consequuntur et fugit nihil officia aliquid. Quia et et veritatis reprehenderit sed provident. Inventore id esse voluptas explicabo quo laborum.',
    9.91,
    '',
    'active',
    'false',
    '2019-01-17'
)
insert into part (id,name,maintainID,description,price,vendor,status,complete,createdAt) 
values(
    29,
    'ut',
    20,
    'Nemo aut qui mollitia rerum sunt praesentium. Necessitatibus cumque illum debitis eius enim eos assumenda et. Est totam sed ipsa.',
    5.06,
    'ut',
    'active',
    'false',
    '2019-01-17'
)
insert into part (id,name,maintainID,description,price,vendor,status,complete,createdAt) 
values(
    30,
    'maiores',
    19,
    'Qui hic et nisi. Perspiciatis corporis cum voluptas. Quo illo quia totam perferendis et. Cum assumenda sint magnam. Maiores ut laborum ut optio suscipit.',
    10.23,
    'voluptas',
    'active',
    'false',
    '2019-01-17'
)
insert into part (id,name,maintainID,description,price,vendor,status,complete,createdAt) 
values(
    31,
    '',
    16,
    'Architecto ex culpa quae sunt voluptas. Voluptatem qui pariatur beatae facere. Vel officia sed rem hic.',
    17.71,
    '',
    'active',
    'false',
    '2019-01-17'
)
insert into part (id,name,maintainID,description,price,vendor,status,complete,createdAt) 
values(
    32,
    'quaerat',
    14,
    'Sint illo totam facilis sed facere ducimus. Esse facere ut velit nostrum. Consequatur illum placeat aut qui sequi.',
    14.63,
    'enim',
    'active',
    'false',
    '2019-01-17'
)
insert into part (id,name,maintainID,description,price,vendor,status,complete,createdAt) 
values(
    33,
    '',
    18,
    'Accusantium et vel esse dolorem ad nobis delectus. Cupiditate ut voluptates nobis nam minima sit eum animi. Ab corrupti accusamus possimus a ut non autem. Est veniam enim aliquid nihil aliquam ipsum qui delectus. Qui in modi et totam commodi.',
    5.97,
    'ducimus',
    'active',
    'false',
    '2019-01-17'
)
insert into part (id,name,maintainID,description,price,vendor,status,complete,createdAt) 
values(
    34,
    '',
    19,
    'Sunt debitis qui cupiditate perferendis nam dolorem. Rerum autem libero fugit deserunt ullam officiis sed. Reprehenderit similique fuga ullam mollitia esse. Ratione non dolorem voluptatem est facilis laborum distinctio mollitia. Sint officiis eligendi nulla debitis.',
    3.64,
    'consequuntur',
    'active',
    'false',
    '2019-01-17'
)
insert into part (id,name,maintainID,description,price,vendor,status,complete,createdAt) 
values(
    35,
    'vero',
    4,
    'Recusandae sunt consequuntur voluptatem repellat. Ut voluptas sunt voluptatem voluptates excepturi et sed. Consectetur eum voluptas qui voluptas consectetur. Rerum doloribus enim ut numquam quisquam voluptas rem.',
    10.72,
    'et',
    'active',
    'false',
    '2019-01-17'
)
insert into part (id,name,maintainID,description,price,vendor,status,complete,createdAt) 
values(
    36,
    'et',
    7,
    'Non quibusdam animi maxime facere quam et. Error aut dolores ipsa quia temporibus quibusdam in. Ab nostrum ut dignissimos nisi quis natus. Officiis quaerat dolores sunt cumque.',
    17.88,
    '',
    'active',
    'false',
    '2019-01-17'
)
insert into part (id,name,maintainID,description,price,vendor,status,complete,createdAt) 
values(
    37,
    'aliquam',
    22,
    'Deleniti totam blanditiis et reiciendis. Veniam nostrum culpa autem facilis autem assumenda laudantium facilis. In enim quas rerum dolorem sed non porro.',
    13.44,
    '',
    'active',
    'false',
    '2019-01-17'
)
insert into part (id,name,maintainID,description,price,vendor,status,complete,createdAt) 
values(
    38,
    'corrupti',
    20,
    'Quasi aspernatur ut voluptate sed. Adipisci aut aperiam consectetur. Nisi officiis aliquid rerum placeat.',
    17.96,
    '',
    'active',
    'false',
    '2019-01-17'
)
insert into part (id,name,maintainID,description,price,vendor,status,complete,createdAt) 
values(
    39,
    'quia eius',
    11,
    'Accusamus illum totam asperiores sunt maxime voluptas ea esse. Nesciunt dolorum consequatur qui recusandae cum sit rerum debitis. Nesciunt quasi perferendis sint dolor. Voluptatibus consectetur nihil veniam repellendus quia molestias sit. Numquam inventore voluptatem et magni. Debitis aspernatur repudiandae vero.',
    2.51,
    'et',
    'active',
    'false',
    '2019-01-17'
)
insert into part (id,name,maintainID,description,price,vendor,status,complete,createdAt) 
values(
    40,
    'dolorem reprehenderit',
    2,
    'Incidunt accusantium quas ad minima voluptatum dolorem. Blanditiis reiciendis sed nemo autem voluptatem et dolorem omnis. Dolores officiis corporis nihil repellendus provident. A deserunt porro nesciunt laudantium aut. Et quis ea exercitationem quas tenetur sed eum quae. Suscipit et ratione saepe nesciunt voluptas esse repellat.',
    18.07,
    'non',
    'active',
    'false',
    '2019-01-17'
)
insert into part (id,name,maintainID,description,price,vendor,status,complete,createdAt) 
values(
    41,
    '',
    3,
    'Voluptatem voluptatem voluptas autem quaerat assumenda. Tempore accusantium rerum maxime ullam aut ipsa maiores voluptatem. Consequatur laudantium distinctio molestiae. Inventore optio nulla vero ut reprehenderit.',
    9.24,
    '',
    'active',
    'false',
    '2019-01-17'
)
insert into part (id,name,maintainID,description,price,vendor,status,complete,createdAt) 
values(
    42,
    'consectetur',
    14,
    'Eveniet voluptates doloremque aut est perspiciatis. Eos nemo et maiores adipisci doloribus commodi. Officiis neque harum temporibus. Aut fuga in dolor eum odio.',
    7.79,
    '',
    'active',
    'false',
    '2019-01-17'
)
insert into part (id,name,maintainID,description,price,vendor,status,complete,createdAt) 
values(
    43,
    'non',
    5,
    'Et autem dignissimos et illo vel quia dolore aut. Quisquam blanditiis rerum quia voluptate adipisci accusantium illo. Et libero quia delectus quia ab culpa accusantium. Sint autem commodi dolor quis et. Est aperiam dolore aut.',
    10.05,
    'et',
    'active',
    'false',
    '2019-01-17'
)
insert into part (id,name,maintainID,description,price,vendor,status,complete,createdAt) 
values(
    44,
    'architecto',
    7,
    'At in quasi eum adipisci sit temporibus excepturi. Rerum qui quis et quaerat. Autem aspernatur minus a et perferendis ut quo qui. Ab et sunt saepe. Rerum iste expedita commodi voluptatem debitis quo. Est illum praesentium quam voluptatum molestiae.',
    20.19,
    '',
    'active',
    'false',
    '2019-01-17'
)
insert into part (id,name,maintainID,description,status,complete,createdAt) 
values(
    0,
    'error',
    12,
    'Sed repellendus non consequatur unde blanditiis tempore rerum deleniti. Perspiciatis incidunt ipsam alias. Corrupti ut et dolorem voluptate qui voluptatum. Officia ipsum occaecati optio qui. Et expedita aliquid consequatur iste ut enim ad dolores. Quod recusandae debitis rerum qui consequatur tempore asperiores harum.',
    'active',
    'false',
    '2019-01-17'
)
insert into part (id,name,maintainID,description,status,complete,createdAt) 
values(
    1,
    '',
    12,
    'Atque vero sunt ipsum illum consectetur. Cupiditate rerum numquam incidunt et cumque autem consequuntur. Molestiae consequuntur mollitia voluptatibus hic atque.',
    'active',
    'false',
    '2019-01-17'
)
insert into part (id,name,maintainID,description,status,complete,createdAt) 
values(
    2,
    '',
    20,
    'Magni iusto tempora quo iure ut quia possimus nesciunt. Facere est necessitatibus delectus et explicabo praesentium. Laborum voluptas ut facere est. Et quia rerum quo saepe inventore. Nihil perspiciatis aut architecto velit.',
    'active',
    'false',
    '2019-01-17'
)
insert into part (id,name,maintainID,description,status,complete,createdAt) 
values(
    3,
    'maiores ipsa',
    18,
    'Sunt quisquam aut consectetur quaerat voluptas. Quos minus quia quaerat et aut laborum. Ipsa tempore error molestias voluptatibus. Adipisci nemo hic blanditiis quo. Earum sit natus itaque recusandae.',
    'active',
    'false',
    '2019-01-17'
)
insert into part (id,name,maintainID,description,status,complete,createdAt) 
values(
    4,
    'quo',
    8,
    'Odio eum nihil qui aliquam provident molestiae nemo. Impedit iste quos ab sequi incidunt quia dolor voluptatem. Consequatur suscipit provident suscipit. Voluptatum atque amet possimus. Fugiat voluptatem aliquam omnis similique aut facere. Rerum est eaque et qui aliquid culpa.',
    'active',
    'false',
    '2019-01-17'
)
insert into part (id,name,maintainID,description,status,complete,createdAt) 
values(
    5,
    'velit',
    5,
    'Non facere aspernatur vero repellat. Quis magni unde et assumenda dolores. Odit eius sed amet et et.',
    'active',
    'false',
    '2019-01-17'
)
insert into part (id,name,maintainID,description,status,complete,createdAt) 
values(
    6,
    '',
    14,
    'Cum sed consequatur molestias quo ullam. Et corrupti nulla tempora dolor. Non quia dignissimos a perferendis.',
    'active',
    'false',
    '2019-01-17'
)
insert into part (id,name,maintainID,description,status,complete,createdAt) 
values(
    7,
    'possimus',
    21,
    'Pariatur omnis in recusandae qui tempore itaque qui. Vel eligendi facilis id perferendis voluptate ea. Itaque nulla sint et et explicabo vel nesciunt in. Quo quia nostrum sed. Non molestias ipsum consequuntur facere dolorem. Id earum quos at quam corrupti autem non.',
    'active',
    'false',
    '2019-01-17'
)
insert into part (id,name,maintainID,description,status,complete,createdAt) 
values(
    8,
    'deserunt',
    3,
    'Et distinctio dolor delectus accusamus minima dolorum quaerat aspernatur. Repellendus adipisci dolores reprehenderit quia sit est porro quam. Consequatur laboriosam rem voluptatem excepturi repudiandae quas eos laudantium.',
    'active',
    'false',
    '2019-01-17'
)
insert into part (id,name,maintainID,description,status,complete,createdAt) 
values(
    9,
    '',
    20,
    'Necessitatibus est omnis illum. Minus quam ut dolor voluptate. Est quo eum nemo. Cupiditate est magnam adipisci.',
    'active',
    'false',
    '2019-01-17'
)
insert into part (id,name,maintainID,description,status,complete,createdAt) 
values(
    10,
    'eligendi quo',
    6,
    'Qui non molestiae odio assumenda voluptatem qui voluptate qui. Quae repellat accusantium sed commodi quis. Qui sed quod et sapiente laboriosam laboriosam officiis. Quia dolorem a voluptatibus labore ut quasi id praesentium. Et tenetur beatae facere. Quia quos doloribus itaque repellat architecto qui qui deserunt.',
    'active',
    'false',
    '2019-01-17'
)
insert into part (id,name,maintainID,description,status,complete,createdAt) 
values(
    11,
    '',
    8,
    'Qui et ut dolor consequuntur. Quae beatae quia ut eaque dicta voluptas ratione sit. Optio et molestias omnis. Minima iste voluptate repudiandae. Corporis inventore saepe repudiandae qui.',
    'active',
    'false',
    '2019-01-17'
)
insert into part (id,name,maintainID,description,status,complete,createdAt) 
values(
    12,
    '',
    20,
    'Quis impedit voluptatem voluptatem sunt sequi nesciunt ex. Placeat sed eveniet voluptatum aliquam ad eius debitis minima. Voluptas labore ullam aliquam reprehenderit nihil rerum rerum quisquam. Velit alias praesentium ad exercitationem cumque dignissimos. Nisi sint minima qui hic earum ducimus aspernatur. Iusto quidem dolorem vero corrupti sint numquam.',
    'active',
    'false',
    '2019-01-17'
)
insert into part (id,name,maintainID,description,status,complete,createdAt) 
values(
    13,
    'repellat',
    1,
    'Nam eveniet ipsum facere sapiente. Quis ex odio officiis. Eos voluptatem harum voluptatibus voluptas eum ullam vel dolor.',
    'active',
    'false',
    '2019-01-17'
)
insert into part (id,name,maintainID,description,status,complete,createdAt) 
values(
    14,
    '',
    14,
    'Ad aut ipsam ut sit ipsa qui. Suscipit quisquam optio totam sint incidunt. Iure perspiciatis ratione esse odio ipsa iure nihil. Et accusantium cupiditate consequuntur nisi tempora. Repudiandae ut corporis laudantium.',
    'active',
    'false',
    '2019-01-17'
)
insert into part (id,name,maintainID,description,status,complete,createdAt) 
values(
    15,
    '',
    2,
    'Corporis beatae tenetur ad dolorem. Accusantium at tempora voluptatum aut quis quibusdam excepturi. Consequatur repellendus eius rerum.',
    'active',
    'false',
    '2019-01-17'
)
insert into part (id,name,maintainID,description,status,complete,createdAt) 
values(
    16,
    'aliquid sequi',
    5,
    'Ipsam quam quia et ut unde ratione doloribus. Quo voluptas quam totam blanditiis deserunt sit. Commodi repellat aut dicta maiores autem voluptas explicabo laborum. Asperiores veritatis dolor et numquam illum tenetur.',
    'active',
    'false',
    '2019-01-17'
)
insert into part (id,name,maintainID,description,status,complete,createdAt) 
values(
    17,
    'dolor maxime',
    3,
    'Quod quisquam alias doloremque qui itaque. Molestias fuga esse et eos et. Et quo saepe possimus dolorem repellat. Corrupti quibusdam voluptas voluptas. Rem ipsa commodi voluptas voluptatum.',
    'active',
    'false',
    '2019-01-17'
)
insert into part (id,name,maintainID,description,status,complete,createdAt) 
values(
    18,
    'autem qui',
    15,
    'Ducimus omnis perspiciatis nobis aut occaecati. Eveniet quia omnis dolorum ex magnam. Repudiandae consequatur quos quasi voluptatum aut voluptas quia.',
    'active',
    'false',
    '2019-01-17'
)
insert into part (id,name,maintainID,description,status,complete,createdAt) 
values(
    19,
    'vel et',
    14,
    'Repellat non consequuntur ut consequatur vero. Voluptas id autem totam exercitationem laudantium. Omnis aut laudantium ut ipsam quia voluptas deleniti consequatur.',
    'active',
    'false',
    '2019-01-17'
)
insert into part (id,name,maintainID,description,status,complete,createdAt) 
values(
    20,
    '',
    22,
    'Sint qui dolores et recusandae qui minima suscipit. Dolorum quas ut numquam nihil et. Sint nobis ut nesciunt eum.',
    'active',
    'false',
    '2019-01-17'
)
insert into part (id,name,maintainID,description,status,complete,createdAt) 
values(
    21,
    'eveniet',
    8,
    'Eum voluptatem suscipit cupiditate possimus dolorum. Quo itaque natus harum perferendis at. Quam officia dolor accusamus consequatur nostrum dolores. Voluptatum excepturi ea est animi et est a. Et impedit voluptas quo voluptas fuga distinctio.',
    'active',
    'false',
    '2019-01-17'
)
